Spam,Spam,Spam,Spam,Spam,Baked Beans
Spam,Lovely Spam,Wonderful Spam
-299.108,-251.934,-176.679,-89.9217,-2.27374e-13,89.92168,176.6787,251.9342,299.1081
